iter	MultiClass
0	-1.584025919
1	-1.562496668
2	-1.544719993
3	-1.527873891
4	-1.514945545
5	-1.504126077
6	-1.489440755
7	-1.476712864
8	-1.467954589
9	-1.460578778
