iter	MultiClass
0	-1.507628429
1	-1.455921397
2	-1.404720097
3	-1.389264127
4	-1.374668648
