iter	MultiClass
0	-1.585385273
1	-1.563014072
2	-1.544482548
3	-1.528793726
4	-1.51763457
5	-1.502569012
6	-1.491159545
7	-1.482453624
8	-1.474702689
9	-1.467228625
