iter	RMSE
0	1.725561163
1	1.331423178
2	1.179582452
3	1.138687813
4	1.114959414
5	1.102315838
6	1.095457399
7	1.091573029
8	1.084905968
9	1.081984005
10	1.079503835
11	1.07824936
12	1.077508388
13	1.074338167
14	1.072995184
15	1.071470306
16	1.069277476
17	1.067594995
18	1.067582007
19	1.064613648
