iter	RMSE
0	1.728768551
1	1.336793351
2	1.205593401
3	1.156325517
4	1.131943655
5	1.114263204
6	1.105554507
7	1.097393637
8	1.091242551
9	1.087840747
10	1.083996266
11	1.080866285
12	1.078590774
13	1.077380586
14	1.074422039
15	1.071744951
16	1.06971146
17	1.067645797
18	1.066919313
19	1.065746728
