iter	RMSE
0	2.559877882
1	2.359532928
2	2.181782261
3	2.028614268
4	1.894518856
5	1.779160449
6	1.678694448
7	1.593560673
8	1.521070167
9	1.45922086
