iter	MultiClass
0	-1.58109833
1	-1.560089055
2	-1.542400558
3	-1.52502574
4	-1.51117307
5	-1.498132618
6	-1.486017488
7	-1.477216133
8	-1.469496819
9	-1.463516819
