iter	MultiClass
0	-1.576797267
1	-1.548781568
2	-1.521918763
3	-1.502677362
4	-1.485358178
5	-1.471108939
6	-1.456846942
7	-1.444871227
8	-1.430721973
9	-1.41925131
