iter	MultiClass
0	-1.584027569
1	-1.56237489
2	-1.544742983
3	-1.529447995
4	-1.513839877
5	-1.500533072
6	-1.487094834
7	-1.475024573
8	-1.467577317
9	-1.457771456
