iter	MultiClass
0	-1.583216974
1	-1.562275164
2	-1.544674897
3	-1.527918121
4	-1.515365709
5	-1.501918698
6	-1.490197993
7	-1.475433229
8	-1.463441569
9	-1.452794502
