iter	MultiClass
0	-1.575394304
1	-1.547223314
2	-1.523326232
3	-1.503243398
4	-1.485923627
5	-1.471643309
6	-1.458412078
7	-1.447048667
8	-1.437528388
9	-1.429400935
