iter	RMSE
0	2.561048938
1	2.361100822
2	2.185910655
3	2.032444857
4	1.898866026
5	1.783377445
6	1.682276688
7	1.595301902
8	1.522679322
9	1.459894374
